1,ам(н),（名）口,c04cd38aeb30f3ad1f8ab4e64a0ded7b.mp3,1
2,амт,（名）味道,8def24c6f2087f4f9b2e04c3d6d559b7.mp3,1
3,ан,（名）野兽,18b049cc8d8535787929df716f9f4e68.mp3,1
4,дан,（形）单独的，唯一的,9180b4da3f0c7e80975fad685f7f134e.mp3,1
5,дэн,（名）灯,32ce9c04a986b6360b0ea1984ed86c6c.mp3,1
6,нам,（名·形）党，矮的,22c78aadb8d25a53ca407fae265a7154.mp3,1
7,та,（代）您,fec8f2a3f2e808ccb17c4d278b4fa469.mp3,1
8,тэд,（代）他们,870fa8ee962d90af50c7eaed792b075a.mp3,1
9,тэнд,（副）那里,e5f5579b74a291d49034b067db5852e5.mp3,1
10,эд,（名）物品,b5f3729e5418905ad2b21ce186b1c01d.mp3,1
11,эм,（名）药,47e2e8c3fdb7739e740b95345a803cac.mp3,1
12,энд,（副）这里,7f021a1415b86f2d013b2618fb31ae53.mp3,1
13,аз,（名）幸福,cc8c0a97c2dfcd73caff160b65aa39e2.mp3,2
14,зам,（名）路,142cb104bb9ea93530eeb1a904e351c2.mp3,2
15,зан,（名）性格,11269ac928ab3e305bb29d3bd755c965.mp3,2
16,маш,（副）很，十分,c2177d4a10ba4d1778bc34562d05f55c.mp3,2
17,мод(н),（名）树，木头,ad148a3ca8bd0ef3b48c52454c493ec5.mp3,2
18,мөс(н),（名）冰,87cc641dcf8cd517865ee029a2369762.mp3,2
19,мэнд,（名）问候，健康，平安,c5738dc9da43aaa7157ef1e677c33dac.mp3,2
20,нас(н),（名）年龄,b9d04cd47823420fa061075ba05345de.mp3,2
21,ном,（名）书,aee37c30f5d091a495526f636a3527bb.mp3,2
22,од(н),（名）星,afc7e8a98f75755e513d9d5ead888e1d.mp3,2
23,он,（名）年,ed2b5c0139cec8ad2873829dc1117d50.mp3,2
24,өмд,（名）裤子,be54b4bc3e1bed147f2c20b8a47059dd.mp3,2
25,сам,（形）梳子,332532dcfaa1cbf61e2a266bd723612c.mp3,2
26,сан(г),（名）仓库,9f5a44a734ac9e43b5968d0f3b71d69b.mp3,2
27,том,（形）大,34b7da764b21d298ef307d04d8152dc5.mp3,2
28,тос(н),（名）油,227f82daef18fd97b0ed9538ce418761.mp3,2
29,цамц,（名）衬衫,872b57bb00e13f6b622ed4adc52500aa.mp3,2
30,цас(н),（名）雪,46bd2404e98ca7822028307b42761837.mp3,2
31,цөм,（副）都,e5df881ee9dca83224477e0d93119353.mp3,2
32,шат,（名）梯子,49a98a661039a29d113b9aa9160fb49c.mp3,2
33,ах,（名）哥哥,8cab4b3e958f712569f51a9b90c495a7.mp3,3
34,ач,（名）孙子；恩惠,dd57dcc23a3083551edd85e13c2d5668.mp3,3
35,дөч(н),（数）四十,ba71da3766aa38311a4d41706ff72833.mp3,3
36,мах(н),（名）肉,8c494cd6e4f2f0bc76c627b1d68bb2d1.mp3,3
37,нүд(н),（名）眼睛,6731166671c7bf914cfb6f651d990ad2.mp3,3
38,оч,（名）火花,7a49aafcef8b956f542016c86d67ddfd.mp3,3
39,сум(н),（名）箭；子弹,1d623b89683f9ce4e074de1676d12416.mp3,3
40,сүм,（名）庙,a40b6d3109a98321416ab3aa0d3c1a38.mp3,3
41,ус(н),（名）水,0b3b97fa66886c5688ee4ae80ec0c3c2.mp3,3
42,үд,（名）中午,69a349f0dfb7ba3ca80d8e1c5041c5df.mp3,3
43,үс(н),（名）头发，毛,db44ff009e860fd8b9f740e978193004.mp3,3
44,хот,（名）城市，浩特,e34e492878632183b6fe42bf9ec24448.mp3,3
45,хөх,（形）蓝色的,8212809fe876cbab18f4df5af397a1b0.mp3,3
46,хун,（名）天鹅,782ba846407bd42170f74bda4dbee168.mp3,3
47,хүн,（名）人,dded754676ac4f03e88c3e2bafaf0884.mp3,3
48,хүч(н),（名）力量,d9d0819841d6b1b1f3c05aee0d91c582.mp3,3
49,хэн,（代）谁,b877d88bfc39841eb3c7fc5f0b2f4961.mp3,3
50,эх,（名）母亲,340b254752698c55ebf3cb21507d2eeb.mp3,3
51,газар,（名）地方,f63a0a63f7e493c437f17c9b44980b0e.mp3,4
52,гар,（名）手,4618c2b26e9e222b2cf19471e1f2af8c.mp3,4
53,гэр,（名）毡包，家,98302eb9727009d08199b25b7b72b1cb.mp3,4
54,мал,（名）牲畜,749dfe7c0cd3b291ec96d0bb8924cb46.mp3,4
55,нар(н),（名）太阳,c0c669570f0dd6c896db86e0447802e8.mp3,4
56,ордон,（名）宫殿，宫,82b7b860532d8b35ea3b582ddeeda892.mp3,4
57,өмнө,（名）前；南面,9b9d33e1907989c26547a20543a4192c.mp3,4
58,өндөг(н),（名）蛋,5f84e1429150d292b892933126d8fde9.mp3,4
59,өчигдөр,（名）昨天,f32cac8a339bfc12c8a0583a855c8b19.mp3,4
60,танк,（名）坦克,4107c0a4db3fa48dd9aac2701b32b143.mp3,4
61,тэр,（代）他，那个,322650e1328739dbca646008305dd95e.mp3,4
62,үзэг,（名）钢笔,75d85bae8b39060ab737f410f3830692.mp3,4
63,үсэг,（名）字母,e77cf6040651c627d67371b1534cf327.mp3,4
64,хэл(н),（名）舌头，语言,47040b4496653f80f7752a6bb1a4852d.mp3,4
65,цаг,（名）钟表；小时；时间,584c70e3a31e2f04c94dc1a8b1828042.mp3,4
66,цэрэг,（名）士兵，军队,a454ad07791c65ccca35e21b54604feb.mp3,4
67,цэцэг,（名）花,d8fd1c1054ef427f4ddd36cfda349914.mp3,4
68,чи,（代）你,1e6086b705c7161eeb93a8b249a5ca7c.mp3,4
69,шал(н),（名）地板,1957c5ffc4969136f2159cd465425600.mp3,4
70,шалгалт,（名）考试，考验,23e126ec83c63b49fa83f161d345d7de.mp3,4
71,шар,（形）黄色的,8a7b25e0a54a3b5871b8104ab11396a3.mp3,4
72,шатар,（名）棋,9c75430f0aece3fdb20bb4c0d3725fe6.mp3,4
73,шөл(н),（名）汤,81295d2e1c84de687f5d9a8fb3ada0c3.mp3,4
74,эгч,（名）姐姐,6e5f44e31d8ce6ed207a1e28e20c9eff.mp3,4
75,энэ,（名）这个,2e929b889076e1fc84390fedefdaa7dd.mp3,4
76,багш,（名）老师,989fbf863dda24fe308a2581e7d5f674.mp3,5
77,би,（代）我,99d4fb3db1563c87da2cdfc0158b37c3.mp3,5
78,бид(н),（代）我们,12879fe24168807c1ef38cd5e580ee3a.mp3,5
79,дэвтэр,（名）练习本,15c9d2670e1195d735141d86a8828b0a.mp3,5
80,ертөнц,（名）世界，宇宙,aafcf0de368db592401b388b6ab21854.mp3,5
81,ес(н),（数）九,,5
82,ёс(н),（名）规律,fd58de9a9e5906e3ea4682bf1a2da8aa.mp3,5
83,өндөр,（形）高,f3e7327224b4fa45c55d4d1375032101.mp3,5
84,самбар,（名）黑板,970f976af8920ae1846c405e74859b03.mp3,5
85,сандал,（名）椅子,67071e9d65938645e70c38a7c5fa33de.mp3,5
86,сурах,（动）学习,6780b642ee43524ce93f959dcfd4f45f.mp3,5
87,бичиг,（名）文档，文稿,89e260002919a46026e7238ef02a55cd.mp3,5
88,сурах бичиг,（词组）教科书,,5
89,фабрик,（名）工厂,591a8eb77241bdaa3fd7be3b77fe90cd.mp3,5
90,хана(н),（名）墙,ec4621d6bc5a493335f599f8de71e95b.mp3,5
91,Хятад,（名）中国,,5
92,цонх(н),（名）窗户,0cf2422f935fb914813f388c25ac5d43.mp3,5
93,юм,（名）东西,1de0b4f0d139f781b3b4de87edb4de70.mp3,5
94,юу(н),（代）什么,ac065740bfb1a2339fecfec667c33de6.mp3,5
95,ямар,（代）什么样的,89397032aa6d3e561c259fc12b4b7232.mp3,5
96,айл,（名）住户,7604e191d74aac3ffc65c7ae68c74e71.mp3,6
97,аль(н),（代）哪一个,b707907b9966ab1241bbeefddd143662.mp3,6
98,амрах,（动）休息,d49e2cdeb02f28268e9734d62ed0ba2a.mp3,6
99,арьс(н),（名）皮肤；革,5de9bb4a5ebf77d53603d22522754a74.mp3,6
100,байна,（动）有,,6
101,байшин,（名）楼房,dc7c137227cdab208984f2d4b06ae17c.mp3,6
102,бидний,（代）我们的,d1d214306bf428c4d18e0c79e4f5091c.mp3,6
103,гахай,（名）猪,3834f351ba132da9a53cfe37f9564f09.mp3,6
104,завь,（名）小船,b5df2515714787ef3cf8521529d42f77.mp3,6
105,манай,（名）我们的,ad4c70f240f36d1d08ede13c24873ce5.mp3,6
106,миний,（代）我的,bef2eba5d2568ab9906147ad151d0e60.mp3,6
107,могой,（名）蛇,19c58228e23897b05de23539e63abb5d.mp3,6
108,морь(н),（名）马,59f1d694010e11f75d185e6ce1da6b8d.mp3,6
109,нохой,（名）狗,1f585d4ebb38aee62baaa2553ed1feca.mp3,6
110,оймс,（名）袜子,6f93ae310ba49a3c98ec7dbc442ef9c8.mp3,6
111,онц,（副）特别的，优,84aa00ab5bb81a348920207d0ba64d06.mp3,6
112,сайн,（形）好,0ecb63b99c13279df93a713ff745b960.mp3,6
113,сайхан,（形）好；漂亮的,94a03663f41addc9df836c1075f4ef66.mp3,6
114,сонин,（名·形）消息，趣闻，有趣的,8af898f2ebf2acbcacc65ba8a732ad91.mp3,6
115,та нар,（代）你们,,6
116,та нарын,（代）你们的,,6
117,танай,（代）你们的,a60e903795fe57b5db7c35f2762b9ce0.mp3,6
118,таны,（代）您的,2aeacb288b5a653a16a10853143b01da.mp3,6
119,толь,（名）词典；镜子,180f06e37ca498103d9828e4aa06ede8.mp3,6
120,түүний,（代）他的,ab633a27b620a6ce0a03d8734e42b794.mp3,6
121,тэдний,（代）他们的,36830bf81487e13ba6141a5806339969.mp3,6
122,уу,（语）吗,6277e2a7446059985dc9bcf0a4ac1a8f.mp3,6
123,хайч,（名）剪刀,5fbb85c89d36d7697aa3e9ac1f74e7d9.mp3,6
124,хань,（名）朋友,b75ae85544e9b7b4feb0a2ffa423813d.mp3,6
125,хонь(н),（名）绵羊,0667e340ec652170646f1e16479c064f.mp3,6
126,цай(н),（名）茶,788dd84d456d2a863737c6be672919f2.mp3,6
127,чиний,（代）你的,cbd74555625ac4401736468d6b068446.mp3,6
128,юмгүй,没有东西,c73084d8cf6eafd1c3d44e4d2987067b.mp3,6
129,Баатар,巴特尔,2f5f2651ef1deb777f58719f687555bf.mp3,7
130,бал,（名）圆珠笔,ff9c63f843b11f9c3666fe46caaddea8.mp3,7
131,баллуур,（名）橡皮,2274d423a30ccc6e9dc2fe07bcaf1c1d.mp3,7
132,баярлалаа,（动）感谢,fe70bb84dadf83d8c6fa05a987659bcc.mp3,7
133,баяртай,（形）再见,faf5de3cae37bc3e0e7dfb57a028b9b2.mp3,7
134,бийр,（名）毛笔,9ab592fcb9d2392abd7e549d1096252a.mp3,7
135,бэ,（语）呢,,7
136,зөөлөн,（形）软,f552d10e82bee3ca647e13534403e6b7.mp3,7
137,зузаан,（形）厚,44937a18bd73b61f45f6cd868ef25ad9.mp3,7
138,зүгээр,（副）没关系,202571ee97a46aff47f161bbdf201304.mp3,7
139,маргааш,（名）明天,a6cf6af73e39bfc490f5f74aa5c31806.mp3,7
140,нарийн,（形）窄,f1b13e7ce15256a2b5898109a524638c.mp3,7
141,нимгэн,（形）薄,522cd5927f783fc77600fd772a4c812f.mp3,7
142,нөгөөдөр,（名）后天,51ceb36085e1dac4343244d192b4f41f.mp3,7
143,нэр,（名）姓名,da1a38f3a450132623ef0a9c2d06b986.mp3,7
144,өнөөдөр,（名）今天,d57d7025c77e824c9af04ec3663d856c.mp3,7
145,өргөн,（形）宽,f8877b56b39523cf2e134ca22ad4f499.mp3,7
146,танд,（代）对您（та的给在格）,,7
147,түргэн,（形）快,2b167e0e90ccd4c7e6def85871bdc76d.mp3,7
148,тэмээ(н),（名）骆驼,2ba1d740671bd03ca620046c5b93128f.mp3,7
149,удаан,（形）慢,ed17116488dc48e88e31563a0385eb81.mp3,7
150,уржигдар,（名）前天,2e3a5313ba5a3cc45e47918ee8d9b5e3.mp3,7
151,уул(н),（名）山,0bf6a1018b9e49f894d3488213eb7060.mp3,7
152,үүл(н),（名）云,c67d19743b5b8d6fcfa0f5fccd49859f.mp3,7
153,үхэр,（名）牛,efcae486196fbce3c3ef845a2eee1fa6.mp3,7
154,харандаа(н),（名）铅笔,3ad9ca61520d3d1a29050e5f1e2d48ef.mp3,7
155,хатуу,（形）硬,3c531a100b28f61cf5be5fb880339e81.mp3,7
156,хуучин,（形）旧，旧的,128f51e0782ac37a6fb136bb7b1ead88.mp3,7
157,цаас(н),（名）纸,f2ac416fdb6fe4897a19ec9cec002b89.mp3,7
158,шинэ,（形）新,67c2c13e9cc0c312973c90245537fd04.mp3,7
159,шугам,（名）尺子,9b3ae3088fda561ec27757f2f8713b62.mp3,7
160,ямаа(н),（名）山羊,52128c5dfbd523c851c7fbf70dcf9afd.mp3,7
161,арав(н),（数）十,da707030398f31cba526be8279c81dc9.mp3,8
162,гурав(н),（数）三,923f28737e2fe5e4a57af84cfa3392a2.mp3,8
163,гуч(н),（数）三十,2944a6e7d00416e51188f06ca12031ac.mp3,8
164,гэрлэх,（动）成家，结婚,c1072ccf5d49d0ad1ecff4eb4bcd5a69.mp3,8
165,дал(н),（数）七十,0d2e00d2c8b42eefcd3b0b97be31dcaa.mp3,8
166,долоо(н),（数）七,5ef10f6f6b0cef4d1c1b38b27b80247d.mp3,8
167,дөрөв(н),（数）四,9dbfc457cdc34af939da63e045289101.mp3,8
168,ер(н),（数）九十,,8
169,жар(н),（数）六十,68995fcbf432492d15484d04a9d2ac40.mp3,8
170,зургаа(н),（数）六,ce5e81b123d7475124e7c17ed4a968c5.mp3,8
171,зуу(н),（数）百,28e1105612cbddf7becb1a56863b8e66.mp3,8
172,мянга(н),（数）千,e00a6e2b58eefb3c2c7bb37467061cc1.mp3,8
173,найм(н),（数）八,14b127da3d8bfaa63ee2db765f4ac377.mp3,8
174,ная(н),（数）八十,a8ab8ba26a41ea5a37bb6e232deda61a.mp3,8
175,нэг(н),（数）一,f24c2c15b9d03797c6874986a8d19516.mp3,8
176,орой,（名）晚上,14fd53a1110ac6666cf6ae15cf10403f.mp3,8
177,өглөө(н),（名）早,5e126b1205172fe219e381d354ca4c55.mp3,8
178,өдөр,（名）白天，日,075f70a9ad3190a8f091b2b834da34d0.mp3,8
179,тав(н),（数）五,670615d7175935a9b7ddd3c7c22cabfb.mp3,8
180,тавь(н),（数）五十,62911bf278858defdce165ec8e71f081.mp3,8
181,үдээс өмнө,（词组）上午,,8
182,үдээс хойш,（词组）下午,,8
183,хоёр,（数）二,4c7ce35c9bbffb72bfc926eb3aa73df8.mp3,8
184,хорь(н),（数）二十,4b4c25798e1ab81947f6efe02e6db934.mp3,8
185,шөнө,（名）夜,0d5f52388f16ddda49c9c059f519eb65.mp3,8
186,аав,（名）爸爸,370af5302c6a2e643cf2d172adcc9e38.mp3,9
187,аяга(н),（名）碗,128532ed252788e851d99dacdbc69c24.mp3,9
188,бага,（形）小的,b397f07f41ea7729adbd0f834aadd4e7.mp3,9
189,дасгал,（名）练习,00d4be56d0b41405b9c8510705f375bf.mp3,9
190,дүү,（名）弟弟,a595827e9d015ac0dc7467d12aa15cc1.mp3,9
191,жолооч,（名）司机,23026c5f12cfb7554b315ed2d6a5c22b.mp3,9
192,кино(н),（名）电影,c76cebcfed03de88d955cc917fc644e2.mp3,9
193,монгол,（名）蒙古,554a19bedb69dbafe858b3a6acdbcf46.mp3,9
194,орчуулагч,（名）翻译,5ce9f2bc7286136f67e9c2f2376eddee.mp3,9
195,өвөө,（名）爷爷,8953115f030d17c9e21bf747b048751e.mp3,9
196,савх(н),（名）筷子,895c927b2d821152231e4b16f8a76bda.mp3,9
197,сэрээ,（名）叉子,5ee0d4a374a00c21261e2dafbccadafd.mp3,9
198,таваг,（名）盘子,82085f6561120d1ae19b8ea3f7720de8.mp3,9
199,тогооч,（名）厨师,327a847e3d87034bbf431c4099c5977d.mp3,9
200,үнэн,（名）真理,5e5a195a6787bd833fad55b95e6b88c7.mp3,9
201,халбага,（名）勺子,8cfaed9d9edf4c9d6b4d603b72f356ff.mp3,9
202,хутга(н),（名）刀子,e50eab9ff640862dc00752a2796c0eff.mp3,9
203,чоно,（名）狼,7723cafffc8e22d1a4eedcefa1820c40.mp3,9
204,эмээ,（名）奶奶,f3f73dac4db0911d7736f7af66c2f8cb.mp3,9
205,ээж,（名）妈妈,8cdb31dcb428609cb5b7185ca6e9722e.mp3,9
206,бохир,（形）肮脏的,c71b182c50d19554ee1808ca8fa085e2.mp3,10
207,бүрхэг,（形）阴霾,e583241226f34f1f4f5d2b2ad8045102.mp3,10
208,гуанз(хоолны газар),（名）食堂（饭馆）,,10
209,номын сан,（词组）图书馆,,10
210,байр,（名）房屋，处所,bda6185c15be83c6eab2abf4976350fc.mp3,10
211,оюутны байр,（词组）学生宿舍,,10
212,уншлагын танхим,（词组）阅览室,,10
213,халуун,（形）热,40a2eddb6e64fd2c6e67b8fab1600150.mp3,10
214,анги,（名）班级,a468b64fb1df377c732520d97aaa1ad9.mp3,10
215,хичээлийн анги,（词组）教室,,10
216,хичээлийн байр,（词组）教学楼,,10
217,хоол(н),（名）饭,9106527da2415f8ce6203a262a611e86.mp3,10
218,хүйтэн,（形）冷，冷的,40ab52abc320cf0f98e56eb8a2f136fd.mp3,10
219,цэвэр,（形）干净的,ac44f8917ed80eb243a70ce4dcf532c7.mp3,10
220,цэлмэг,（形）晴朗的,c768b91913be7a6559166e3a3d4acc8d.mp3,10
221,ажилчин,（名）工人,afee655b47bc752a5fdda8200b7b9331.mp3,11
222,алга,（副）没有,e6f47b8acce0ca7627e3018b3efad838.mp3,11
223,боов(н),（名）点心,b641b6c51533d8ec7af7fc2470d9a682.mp3,11
224,бүсгүй,（名）妇女,3ba09abbfe01a297c86ab8b3466e0c2f.mp3,11
225,гуай,（名）先生,7ff45860ff8d46e35a5b5dde3ca2a2ac.mp3,11
226,жимс(н),（名）水果,9076583bce34c2436def1c72e0fcdef9.mp3,11
227,захирал,（名）校长,68c0ef6c263e4a163cb8eb04a3cd3048.mp3,11
228,зураач,（名）画家，画师,2ec752c2b274f8983ac95704d457d7ba.mp3,11
229,зурагчин,（名）摄影师,a585bc4752b5e14a304d8efbefc78bcd.mp3,11
230,машин,（名）汽车,c45ae4ff979a05ef5349c40c5e76846d.mp3,11
231,мөн,（副）是的,5c06439cb1d0bbc8df5f28ba5ea3c50f.mp3,11
232,найз,（名）朋友,74ece747c96b1d715698d89a569c9e7d.mp3,11
233,орос,（名）俄罗斯,8bf6d9334fb55ce18d82e677822a8d8a.mp3,11
234,оюутан,（名）大学生,fafb78a8c98050cbc91e40ef5c4adbea.mp3,11
235,саруул,（形）明亮的,c2cbaa8f576de16eb8d66cf635ca6c5d.mp3,11
236,солонгос,（名）朝鲜,380a1e4eb5961c7b5b3d56e416cf5bc4.mp3,11
237,сургууль,（名）学校,9b2395f7f9a2f29f97c5897800824f9a.mp3,11
238,талхчин,（名）面包师,396f08ddab0027301c4ca8f770e9e9ef.mp3,11
239,хаалга(н),（名）门,0ac75a0cf416ba268bb44b29710d240f.mp3,11
240,ширээ(н),（名）桌子,a5da77f59ae663152fac95fa8a7e86d4.mp3,11
241,шохой,（名）粉笔,c2115d1996d2695609c44351ef946521.mp3,11
242,япон,（名）日本,4c694838c4bfde74d29218a7df301b0f.mp3,11
243,айраг,（名）马奶酒,cdd565a77d44bc67909fac79b67bfb46.mp3,12
244,амархан,（形）简单的,91987628953cb031e5ca2ea50285edaf.mp3,12
245,англи хэл,（名）英语,,12
246,анхааралтай,（形）注意的,5ede9fc369c3714378f2ea8dbba6d422.mp3,12
247,бичих,（动）写,561b027bc5cbb300cc1f5a8c2486cd97.mp3,12
248,гайгүй,（副）还可以,6bd9cea0159373119fd45101f5287d78.mp3,12
249,дагах,（动）跟随,dfca946b7d8aab674842eccaf1a67043.mp3,12
250,дуу(н),（名）歌,946f1890dda2e1e3e807e0d12aaa1da1.mp3,12
251,дуулах,（动）唱歌，听，听说,eeee017c2f29b952fc9255fd9b1f1bbf.mp3,12
252,заах,（动）教,bef3a1380df9a8195989c2588153d119.mp3,12
253,засах,（动）修理,cd85c409bd150eefbbd9d34cd897738f.mp3,12
254,захидал,（名）信,a48fb9a2761336ad619a33b5ab2efcef.mp3,12
255,зураг,（名）画，照片,e01581c56e76994851d76271d513be8d.mp3,12
256,зурах,（动）画,5b184bc402615f331919574a4b8b9529.mp3,12
257,идэх,（动）吃,44154a33db8a6f4aee94a7f9ba711663.mp3,12
258,ирэх,（动）来,0ca267c0610f4db7ed13a149b7f4a033.mp3,12
259,маллах,（动）放牧,fdfd96c9ba368be8dbdbdaf66c00fcef.mp3,12
260,нилээд,（副）相当，颇,,12
261,радио,（名）广播,a398fb77df76e6153df57cd65fd0a7c5.mp3,12
262,тайлбарлах,（动）解释,5582cd2eac5cc5df47c0ca1bef9f52d2.mp3,12
263,угаах,（动）洗,33361144c9d1205dec8af0ff42c7a269.mp3,12
264,унших,（动）读,ceef690691d769e4dfed3584a7f4c0fc.mp3,12
265,уух,（动）喝,9a2bee1afac7a8ad141b7f0e4a26ce3f.mp3,12
266,үзэх,（动）看，学习,4e371e3487696ce36d33f2461ad406b2.mp3,12
267,чийдэн(г),（名）电灯,b63e03ba847d497bc8471d5b4ed40ba8.mp3,12
268,шар айраг,（名）啤酒,,12
269,эмэгтэй,（形·名）女的；女人,356fac67dc339937a15e9bb611a4c8c4.mp3,12
270,эрэгтэй,（形·名）男的；男人,9ac679af53b7a83babdd322aed068869.mp3,12
271,янз бүрийн,（词组）各种各样的,,12
272,буйдан,（名）沙发凳,fbe9cb4f12fed456d513a3a1bd06f2fd.mp3,13
273,газрын зураг,（名）地图,,13
274,гоё,（形）漂亮的,b5ab07b12068f645d7cb982444ef1f3b.mp3,13
275,гэвч,（连）然而,a5b89b975c92b79298f24eab719ff375.mp3,13
276,давхар,（名）层,0b15c6483818e137383af2661f0ead18.mp3,13
277,дуртай,（形）喜爱的，喜好的,85b855d9b610e68bf38800331979bf2f.mp3,13
278,дэлгүүр,（名）商店,c6640549d4b1062403290ca44a069f14.mp3,13
279,дэргэд,（后）在旁，在附近,683a17eacd02d39beaaa9d758e7905ba.mp3,13
280,жүүс(н),（名）果汁,,13
281,залгуур,（名）插座,cf7c56ec421871d77ce4dedcf128db78.mp3,13
282,зүүн,（名）东面，左边,9fab70ce87c4f3ca26d21ad140392379.mp3,13
283,компьютер,（名）计算机,7d79edcfad819c923afb42e2e8379c77.mp3,13
284,кофе,（名）咖啡,6ddf88e0ebda86976188aced225066af.mp3,13
285,курс,（名）年级,1f53cd4a51064068c05cfc6c2d494312.mp3,13
286,малчин,（名）牧民,258d7e4ad9a259bf468bb56f06edcac6.mp3,13
287,нэгдүгээр,（数）第一,87fd65a0020466ccaf03fc85ff2a0d22.mp3,13
288,ор(н),（名）床,e81c4e4f2b7b93b481e13a8553c2ae1b.mp3,13
289,өвс(н),（名）草,ee33f142ce7f04b1c7ca3f003adfc6a0.mp3,13
290,өлгүүр,（名）挂钩；悬垂物,52d951634032d320aa84147cf019c81f.mp3,13
291,өмсөх,（动）穿,d0d4da3f56a30739a2fb8093bd965c3c.mp3,13
292,өнгө(н),（名）颜色,1535bdae58701065ad17784f54a24adc.mp3,13
293,проектор,（名）投影仪,,13
294,самбарын алчуур,（词组）黑板擦,,13
295,суух,（动）坐；居住,8123f1fed7716e7df1672378763de687.mp3,13
296,сэтгүүл,（名）杂志,c83d3b3dd56a739ef4cc4e2951b34072.mp3,13
297,тавдугаар,（数）第五,0d151ac4f56c46cf3b2ca8ad3ede4466.mp3,13
298,тавиур,（名）架子,86aff613099c85359e82429e209d6830.mp3,13
299,толь бичиг,（名）辞典,,13
300,тохилог,（形）整洁的，舒适的,2e0b3bf023a85059af52ee2071592db2.mp3,13
301,үзэгийн сав(н),（词组）文具盒，文具袋,,13
302,хавтас(н),（名）文件夹,ffba14475520f7968f6bb3cdd909bb58.mp3,13
303,хашаа(н),（名）围栏，院子,10aefe82ef500c67d151705355abe526.mp3,13
304,хэрэгтэй,（形）需要，必须,a3494a014290ac4cf23ca5f948694f13.mp3,13
305,цагаан,（形）白色的,f80752079a4b2412436c88134939c04d.mp3,13
306,шүүгээ(н),（名）柜子,ce24b4dfb4bbdfcafca817b5e422765e.mp3,13
307,амралт,（名）休息,6856366bd01786a085f1efe6667ad716.mp3,14
308,ариун цэврийн цаас,（词组）卫生纸,,14
309,банк(н),（名）银行,bd5af1f610a12434c9128e4a399cef8a.mp3,14
310,билет,（名）票,,14
311,бөмбөг(н),（名）球,3c935f3d6ef6ca09bb2d8a6a21f68473.mp3,14
312,гэрийн ажил,（词组）家务,,14
313,гэрийн даалгавар,（词组）家庭作业,,14
314,дарга,（名）长，首长，长官,38324307209d4714164dbb6528e3ef2c.mp3,14
315,дотор,（后）内部,41756e80572a9ae2732db2690746869a.mp3,14
316,дөрвүүл,（数）四个人,1c66e71f2d5fe7cb16f3d5dfb20552bb.mp3,14
317,жааз,（名）框,b82a8a24d1f67898a5a81c0bc4b74abe.mp3,14
318,зайрмаг,（名）冰淇淋,f00dd896bef4ca42e2482afdc9f81e3e.mp3,14
319,зочид буудал,（名）宾馆,,14
320,зурагт,（名）电视,4211e09b9c0de92422ac0f9c9fb60bec.mp3,14
321,зэрэг,（后）等等,527dd82f08b0b755bea5597bceefa942.mp3,14
322,интернет кафе,（词组）网吧,,14
323,нийтийн,（形）公共的,7d321a589b2321add77c41d4c481ed75.mp3,14
324,орших,（动）位于,c101146d43d735e1fe316543d9646cff.mp3,14
325,өгөх,（动）给,39bd73c22e60171b66bbe02a98cad6f1.mp3,14
326,өнөө орой,（词组）今晚,,14
327,өрөө(н),（名）房间,31ec3aaae81d74808892ed767b61b9af.mp3,14
328,саван(г),（名）肥皂,3c5f7a68df101dee9a44ccf9eceef3ed.mp3,14
329,тавтай,（形）舒适的,a7ac509db1dcd32d5f351c7e7cb69d78.mp3,14
330,тагт,（名）阳台,1c6bbe8c42f9ba9d584a6a6c0f67be07.mp3,14
331,тоглох,（动）玩,b001ee8b5f2b3829cd2dda1f19b7cbf7.mp3,14
332,туслах,（动）帮助,65a4fb37c456072e0671620c5234a473.mp3,14
333,угаалгын машин,（名）洗衣机,,14
334,удахгүй,（副）不久,2073713e08bf46034820588521060b6f.mp3,14
335,унд,（名）饮料,5ff2363014e7ff18f687f29900146aab.mp3,14
336,үнэ төлбөргүй,（词组）免费的,,14
337,хажуу,（后）旁边,fcc331968f49fb1d87c4c1093a31cfa3.mp3,14
338,хамт,（副）一起，共同,ff2c0427002393e4ee021c3687f38078.mp3,14
339,харин,（连）然而，而,494e9de95640fbe78b67677067145ff4.mp3,14
340,харих,（动）回，回去,179978720c00427cbf410a714b9fe6b7.mp3,14
341,хичээлийн хэрэгсэл,（词组）文具,,14
342,хөшиг(н),（名）窗帘,8214c774167f75f7a6dbae9d2a43d286.mp3,14
343,цүнх(н),（名）提包，袋子,563d7ba0da87e05043ff86eb79ce1bd0.mp3,14
344,шуудан(г),（名）邮局,44a92a47d7a8a938afc65d29b956854c.mp3,14
345,шүд,（名）牙,e7d640e51277835e7dd8a1996838fa8f.mp3,14
346,шүдийн сойз,（词组）牙刷,,14
347,яриа(н),（名）讲话，会话,91c35b6b1ac5bef0f8d78f42d7ea8fd9.mp3,14
348,удирдах,（动）管理,a85ab8ddaf34a0766a0be14986a59317.mp3,15
349,ангийн удирдах багш,（词组）班主任,,15
350,Баасан(тав дахь өдөр),（名）星期五,,15
351,Бямба(хагас сайн өдөр / зургаа дахь өдөр),（名）星期六,,15
352,гариг,（名）行星，星期,,15
353,гутал,（名）靴子,1a7dc05f6c0221b1f7d77e123d61771b.mp3,15
354,Даваа(нэг дэх өдөр),（名）星期一,,15
355,дараа,（后）然后，之后,9dab860b4c12cae3870a1d32665bf2c3.mp3,15
356,долоо хоног,（名）一周,,15
357,захих,（动）订购,0463eabaa9d64a38ad96c67b10b13431.mp3,15
358,Лхагва(гурав дахь өдөр),（名）星期三,,15
359,май,（感）给（你）,c1dc3094eaa126ceb36e117ab23c699f.mp3,15
360,марк,（名）邮票,ea82410c7a9991816b5eeeebe195e20a.mp3,15
361,монголчууд,（名）蒙古人,36f908506c57c90f89434eafe8e44429.mp3,15
362,мөнгө(н),（名）钱；银子,25e1224d099e8597c537885ab7619df7.mp3,15
363,Мягмар(хоёр дахь өдөр),（名）星期二,,15
364,Ням(бүтэн сайн өдөр / долоо дахь өдөр),（名）星期日,,15
365,овог,（名）氏族；姓,750140c3cde903d9da01c924848017f7.mp3,15
366,охин,（名）女儿，女孩，少女,3e3b7dce6b8e32297a255f04bb5b3e71.mp3,15
367,өлсөх,（动）饿,cebd5f9eab19d975b8ea04cbd29a50ee.mp3,15
368,өөр,（形）不同的，其他的,fc60c069f5ff37e4617cf542283e9b4e.mp3,15
369,Пүрэв(дөрөв дэх өдөр),（名）星期四,,15
370,танилцуулах,（动）介绍,48e10b28bbbfcb283ebf21ec00c46af8.mp3,15
371,тухай,（后）关于，有关,afcff18131eb894c97eef039fed0a06b.mp3,15
372,хайртай,（形）喜爱……的,bfa9f0e1bd4cbbedd3decb95e6f56b1a.mp3,15
373,худалдагч,（名）售货员,5d88a6b9d8d9b6b33ea1b78f8d547e64.mp3,15
374,хурал,（名）会，会议,bf8e5b79f9051c12ec4b2eef15611ea8.mp3,15
375,цагаан идээ,（名）奶食,,15
376,чихэр,（名）糖,848d039650ae1e45e84198783b311e94.mp3,15
377,ядрах,（动）疲劳，累,798b72eed28cce717b78b7798ee2ea63.mp3,15
378,алдар,（名）名字；名声,d4f6f20552808003d2abbbafae94ec57.mp3,15
379,Ази,（名）亚洲,,16
380,амттай,（形）美味的,681150151b254f3c8b97a7efd3db6da5.mp3,16
381,баар(н),（名）酒吧,73356ec0dc224e18f2fc00594448ec54.mp3,16
382,банш,（名）饺子,7d16191d6f9657b33b73b8bdfae97837.mp3,16
383,баруун,（名）西；右边,28566541a23c73b41e08618b9e38448a.mp3,16
384,биеийн тамир,（名）体育运动,,16
385,бичиг баримт,（词组）书面材料，文献,,16
386,гарын үсэг,（名）签名,,16
387,гурилтай шөл,（词组）汤面,,16
388,Европ,（名）欧洲,,16
389,заримдаа,（副）有时,0bd4383cca0256074d5c519d90c1f458.mp3,16
390,захиалах,（动）订，点,ee24845d17378e30518f286b1b5308fa.mp3,16
391,зүүн тийш,（词组）向左；向东,,16
392,илгээмж,（名）包裹,342ec8c0a7a300d5ab20cb418ca0febf.mp3,16
393,нээх,（动）打开，揭开,813e91750efecaadd9e482c0ea331d92.mp3,16
394,ойрхон,（形）近的,8b88b20213fc09f01d0df1235363e32d.mp3,16
395,өөртөө үйлчлэх,（词组）自助,,16
396,паспорт,（名）护照,3866ad4ad3bac33ffaf95b588a51fe16.mp3,16
397,ресторан,（名）饭店，餐馆,490b615931980ed8917e8391307c7ee9.mp3,16
398,сурагч,（名）中（小）学生,7919328cec16604375742fc176d733d9.mp3,16
399,танхим,（名）大厅,7a01c875edf6a85748c05b4a81a0cd08.mp3,16
400,төрөл,（名）种类,20ede6880659446686cda0f7f685ff2a.mp3,16
401,төрөх,（动）生，出生,90b5071ba2f6420da017c894fb6cdea4.mp3,16
402,туранхай,（形）瘦的,2d67c6cdb865183e84663184e288ea82.mp3,16
403,утас(н),（名）绳子，电话,eeb678bc47b9dc26cc993d576d5e6b06.mp3,16
404,үзүүлэх,（动）让……看,0ecc0a24b90e8155c75753c67e92c6a4.mp3,16
405,хол,（形）远的,1c5880041babca319ee0eb56cd7f8762.mp3,16
406,хуушуур,（名）馅饼,dce70dae562aef5fad1e32e8d0f994a2.mp3,16
407,хүлээнавах,（动）接受,,16
408,хүртэл,（动）到……为止,b8ef88eb87cf3b13ea0dbb82c2a0cad8.mp3,16
409,хямд,（形）便宜的,56c108e93f47b81c57973e28787b8fba.mp3,16
410,цуйван,（名）炒饼,4c343d33f303fc774d383be5cfdb4eb3.mp3,16
411,эдгээр,（代）这些,18ac6d6785ec1a0d0663729d9ad06f63.mp3,16
412,ашгүй,（形·感）相当好的,7a99e9c1fc43ad0c3d227e227d7b6172.mp3,17
413,багасага,（形）一点的，不多的,,17
414,битгий,（语）不要，别，不可,e96be93406aebfa69a95508da234e437.mp3,17
415,бороо(н),（名）雨,abfb70ac9530c8b28013adbe22e14e81.mp3,17
416,бороо орох,（词组）下雨,,17
417,дагуулах,（动）使跟随，带领,f488352bb246cfadae15f1f8bc2c5aca.mp3,17
418,дөхөх,（动）接近，临近,4c65df235e48c01160ed1459493f22d1.mp3,17
419,дуусах,（动）结束，完成，终结,352715341f1d41464587c92ed3ea5a52.mp3,17
420,жаахан,（副）少许，一点，稍微,209660869734c76b83a71a21ee81ef0f.mp3,17
421,завтай,（形）有空闲的，有空隙的,436e5bda7c2f8058f2531c1c81067c50.mp3,17
422,захиа,（名）信,f3433f259d991fa0f3ba11494cc6b4b7.mp3,17
423,зугаалга,（名）散步，游玩，消遣,82ebe5a27befb80d98ef6c5c8ad9fe6f.mp3,17
424,муж,（名）省,8aa341b29a153f625b96575f8875ae9b.mp3,17
425,навч,（名）树叶,44fce724eb9e99a37f48f3d102169dbf.mp3,17
426,намар,（名）秋天,2218f27af63f44a553983e479c4aad72.mp3,17
427,оюутны зөвлөл,（词组）（大学的）学生会,,17
428,саяхан,（副）刚刚，不久前,6ed360726ea8c07269e75537aec1483c.mp3,17
429,сонирхолтой,（形）有意思的,6b648199bab86ea9178bc7c5c2160e19.mp3,17
430,такси,（名）出租车,b0b6fc9fc68b8bfbe757b402b0d0b4d1.mp3,17
431,тоолох,（动）数,259dec95e495c8f8420ad9ec0b028522.mp3,17
432,тэгээд,（副）然后，以后，那么,46a26a491c29fcc19c7a455072666d72.mp3,17
433,удаа,（名）次，回,7354639b240b6468caae848fdff893b2.mp3,17
434,улам,（副）越来越……，更加,92312b8c317ea871bcc96422bc74c650.mp3,17
435,уулзах,（动）见面，相逢,6c889971f1af5b4c097be898f8006b7c.mp3,17
436,үзэсгэлэнтэй,（形）美丽的，雅观的,b2fe7dc7d045e76ca58e5ae37a171332.mp3,17
437,хүү,（名）儿子，男孩，小子,34568d07e8b6e95fce7b1ed54f4c4b2f.mp3,17
438,хэвийн,（形）正常的，常态的,b46d0328b4c9f92be1deb8d6aeac64ee.mp3,17
439,чадах,（动）能够,5176cd2c5dae63bc9b2e5b195ddb6110.mp3,17
440,авъяас,（名）才能，天资,ece54caa8aac3cf87d21a88a26291079.mp3,18
441,аймаг,（名）省；盟,cb37e846679174d49f95f66b6d6fd027.mp3,18
442,амьдрах,（动）生活,178358375b4b9a629ef1e5312ca69545.mp3,18
443,ард,（名）平民，人民,4ce0bec67fe735f4997426101dd5292b.mp3,18
444,ашигшим,（名）营养，产品，收益,,18
445,аятайхан,（形）较愉快的，较舒适的,0bb288f54e45a17dd978054a5e8ee67f.mp3,18
446,баг,（名）队；乡，巴克,4a82715423d654d61838e81060a4cdf1.mp3,18
447,билигтэй,（形）有天资的，聪慧的,,18
448,бор,（形）灰白色的,597e592d65a2f3814020cbdf7e9e522a.mp3,18
449,говь,（名）戈壁,76370184d5583366753a2fefbd747927.mp3,18
450,жил,（名）年,d9568755a2adc836a8e1f3dd89cd8cdd.mp3,18
451,залгах,（动）接上，衔接,f513adcddf4cf81024c8010b7bbdc882.mp3,18
452,залуу,（形·名）年轻的，年轻人,7299f7182adbbe47001c6553718b123e.mp3,18
453,зоригтой,（形）勇敢的,4be965750f477f13bece0e3c6f40c15b.mp3,18
454,кабель,（名）电缆,,18
455,нийлэх,（动）联合，汇合,6e80f8e38e3592d6d01f1375ef874ecc.mp3,18
456,нутаг,（名）地方，家乡,2db4dac1992c3ad895d79d643da1ed2d.mp3,18
457,сум,（名）县，苏木,1d623b89683f9ce4e074de1676d12416.mp3,18
458,тал хээр,（词组）平原，原野,,18
459,тогтоох,（动）确定；记住,9a97bf24d6c74bc1635f5318e6600ea1.mp3,18
460,тохирох,（动）相符合；商妥,e0f829cc6657ffaacd575042f1f0fe8c.mp3,18
461,тэсвэртэй,（形）有毅力的，忍耐的,b720aacd56d23975f791cdf0c5e18a03.mp3,18
462,уйтгартай,（形）忧伤的，苦闷的,6c6bb3ecb41fa0f4373727475f622977.mp3,18
463,улирал,（名）季节,a8b18751db6a1abd796a658ec32abc5c.mp3,18
464,улс,（名）国家,35cd1dfe100f7768dfef1417863589b4.mp3,18
465,уулам,（形）广阔的,,18
466,уурамьсгал,（名）气候,,18
467,уучлаарай,（动）对不起,b14167e132d03d7e76e283d4605013fe.mp3,18
468,ухаантай,（形）有智慧的,6fcceaa64a3a83518cf6c1a837eca951.mp3,18
469,хавар,（名）春天,488a1eddcc511c94df8a4a05141f82db.mp3,18
470,хангай,（名）森林，杭盖,7205d0ee34f60fba0734554105c1c33d.mp3,18
471,харилцан яриа(н),（词组）对话,,18
472,хил,（名）界，分界线，边界,bf0f4e3af415a7ccb2333f804130c423.mp3,18
473,хослох,（动）复合，组合,503b3becb200bfa50a4c0f83841bcbff.mp3,18
474,царай,（名）脸，面孔,1f972a4a196d225dd5b98fce2d673b81.mp3,18
475,цөл,（名）荒漠,88c477d3f64ab9102f8a902e55914dc9.mp3,18
476,чухал,（形）重要的,486822e4f41bcd16c60fe9433327990b.mp3,18
477,шударга,（形）诚实的，忠诚的,56d765f1bd0813b41595b2bee3269914.mp3,18
478,эрстэс,（形）剧烈的，急躁的，急剧的,,18
479,автобус(н),（名）公共汽车,171928208859ca8de418ac31312a3b1e.mp3,19
480,болгоомжтой,（形）小心的，谨慎的,88d38c4ab7d9093535e2ff2e52970261.mp3,19
481,бууз,（名）包子,e2d3b7a87f4e2c8d4f2fa855083d3935.mp3,19
482,бүжиг,（名）舞蹈,a2c731922ad7b9af4900bc2a6215fc75.mp3,19
483,гадаа,（副）外面,e9af7929161cc56da21c79adbdba85c3.mp3,19
484,галт тэрэг(н),（名）火车,,19
485,дадлага,（名）习惯，经验，技能,f8ac160f26f5de2ee0b78e8b0acab4c4.mp3,19
486,дээшлүүлэх,（动）提升,c91e430015d8ac6e1ef5ff970a5654e9.mp3,19
487,жижүүр,（名）值日生，值班员,949da9f10e368b844d1ce9e1731ebf47.mp3,19
488,жуулчин,（名）旅客，旅行家,77da24f88c6f733a8c66e4138e39dac4.mp3,19
489,компани,（名）公司,7479f8360cba2619e272eeace6addd20.mp3,19
490,мэргэжил,（名）职业,ce1097eaf2fe46078e56c79af0b2b8c8.mp3,19
491,мэргэжил дээшлүүлэгч,（词组）进修生,,19
492,нэрийн хуудас(н),（词组）名片,,19
493,одоохон,（副）马上,f0d984544b40275b1c11194a0fe522e9.mp3,19
494,онгоц(н),（名）船，飞机,f1ababdd79ef4e2c17472eb5edfb205e.mp3,19
495,өвөлжөө(н),（名）冬营地,4a800e36efbadf3179bc4dc8af45efae.mp3,19
496,солих,（动）换，交换,b838e7cd6ffd81b343a12c60264e49ab.mp3,19
497,Сөүл,（名）首尔,,19
498,сүү(н),（名）奶,e562d84bead6523a0da5467755dab03f.mp3,19
499,таатай,（形）愉快的，惬意的,403a390a6be5ba59403ab0d30842e170.mp3,19
500,тамхи(н),（名）烟，烟草,5b1e81c6cbe7d27926f63561e052c5a6.mp3,19
501,татах,（动）抽，拉，引,320046616c278dcc7dc3b64b14748d0b.mp3,19
502,тоот,（形）有……号的,2f1e40efd0bb18da396abd34f507b7d6.mp3,19
503,төгсөх,（动）毕业,7d03f079388e0e78ddccfeab5eb8abef.mp3,19
504,түүх(н),（名）历史,0ca543a3dbd22c996dd893981b94a875.mp3,19
505,Улаанбаатар,（名）乌兰巴托,0efc499bfe69e1f1de3545c43ef29cc7.mp3,19
506,уранзохиол,（名）文学,,19
507,үйлчилгээ(н),（名）服务,f0b7ba339ad8070fe673afe72b1c1a0f.mp3,19
508,хорхойтой,（形）痴迷……的，上瘾的,dcb48486e3c5d0d5a9e14179780b2cd9.mp3,19
509,хөгжих,（动）发展,4b350887eae83e3d7daaa7a9b1624817.mp3,19
510,хувцас,（名）衣服,038d8386fec89c89199d0932c8818f15.mp3,19
511,цагагаар,（名）天气,,19
512,цайны газар,（词组）茶馆,,19
513,цув(н),（名）雨衣,0a7f8cd2aaa019a538d719e2ab1d7820.mp3,19
514,чийгтэй,（形）潮湿的,703210951d465bc841aff23f112bca89.mp3,19
515,шүхэр,（名）雨伞,8159b8fe72ae9661d747a44c0fef5fa5.mp3,19
516,баяр,（名）节日,ff74042dc76d78b45a07dbddb630bef7.mp3,20
517,буудал,（名）站，车站,e713bb309b5058769e4978567c1afc07.mp3,20
518,бүцах,（动）返回,,20
519,ганц,（形·副）唯一的，单独的,17744e17d6a76a7975b66443a679cf79.mp3,20
520,гулгах,（动）滑，溜，打滑,501e2f9064847b8dc8765bdb7f239ddc.mp3,20
521,давтах,（动）复习，重复,1b5dfdca2cc4c68a2924a4178e6be18e.mp3,20
522,дүн,（名）结果，成绩,73306f6a12962ae752199839b526d552.mp3,20
523,зав чөлөө(н),（词组）空闲时间,,20
524,зөвшөөрөх,（动）同意，赞同,836dc38bc473d0d5137ef6de2500bcae.mp3,20
525,кредит карт,（词组）信用卡,,20
526,ноолуур(н),（名）绒毛,7ef60760f4822dadc5d15304cc94530a.mp3,20
527,нягт нямбай,（词组）缜密的，细致的,,20
528,олонхи,（形）大多数的,,20
529,олох,（动）找到,5b82616573dfc2b4ef1900103fb36769.mp3,20
530,өнгөрүүлэх,（动）使……过去，度过,83948384435bbc1ea8310c0018f01835.mp3,20
531,санах,（动）思考，想念，想起,7be1d159cafe0907167215875774b31b.mp3,20
532,семестр,（名）学期,e4bf983ee1fc6b8d9d109d43eabce8ea.mp3,20
533,тоглоом,（名）游戏，玩具,3fb4ecaee9b9c702ae02d51c5df452df.mp3,20
534,тогтмол,（形）定期的，经常的，固定的,58049352b22d3a22281ea509aa926158.mp3,20
535,тосгон,（名）村庄,c675511f8d095672414411318131bec7.mp3,20
536,тосох,（动）迎接,d6573877401335fed4e27b3153dbbc24.mp3,20
537,төлөвлөгөө(н),（名）计划,ec05f304b3842385b83232823851d26a.mp3,20
538,төлөх,（名）付款,dffb8276a321301c465ab729f6aa215c.mp3,20
539,тун,（副）很，甚，十分,842e1d0c0e58780bb0bbad5306b58856.mp3,20
540,турш,（后）……期间，整个……内,c1db39abc99f13629d03c77a3f2fe047.mp3,20
541,тэшүүр,（名）滑冰鞋,e40ebb815449138fa45d28a94b316df9.mp3,20
542,уламжлалт,（形）传统的,4ff056d25b473465374c4356e971e139.mp3,20
543,хайх,（动）寻找,635f74ee5d5e33dc5ee0a2417e101f2d.mp3,20
544,хороолол,（名）街区，居民区,9df11d44cbe8cffae4777e0e82212f3d.mp3,20
545,цагаан сар,（名）正月,,20
546,цана,（名）滑雪板,6950d9494597c6901b9bffcecaaf1900.mp3,20
547,шууд,（形·副）直的，直接,b31e016e26fc65dd4c17151037adc3a0.mp3,20
548,эхнэр,（名）夫人，妻子,701cfaac6ba8decda6cb35a69877e03b.mp3,20
